{"stats":{"minecraft:dropped":{"minecraft:lead":2,"minecraft:netherite_sword":1},"minecraft:killed":{"minecraft:trader_llama":2,"minecraft:wandering_trader":1},"minecraft:picked_up":{"minecraft:leather":1,"minecraft:lead":2},"minecraft:used":{"minecraft:blue_stained_glass_pane":4,"minecraft:glass":1,"minecraft:torch":5,"minecraft:netherite_sword":8,"minecraft:red_stained_glass_pane":4,"minecraft:stone_stairs":18,"minecraft:glass_pane":7,"minecraft:stone_slab":23,"minecraft:stone":311},"minecraft:custom":{"minecraft:time_since_rest":135346,"minecraft:crouch_one_cm":1640,"minecraft:play_time":135346,"minecraft:sprint_one_cm":99512,"minecraft:walk_one_cm":192896,"minecraft:sneak_time":1238,"minecraft:walk_under_water_one_cm":4161,"minecraft:mob_kills":3,"minecraft:drop":2,"minecraft:jump":1527,"minecraft:damage_dealt":610,"minecraft:leave_game":10,"minecraft:walk_on_water_one_cm":1594,"minecraft:time_since_death":135346,"minecraft:total_world_time":1172765,"minecraft:fly_one_cm":813184}},"DataVersion":4189}